{"direction":"inRelation","accuracy":0.3850066711,"std_error":0.0044436682}
{"direction":"outRelation","accuracy":0.3714142762,"std_error":0.0044124912}
