{"ethnicity":"Asian\/Pacific Islander","accuracy":0.4015625,"std_error":0.0193925779}
{"ethnicity":"Black or African American","accuracy":0.4113372093,"std_error":0.0108338465}
{"ethnicity":"Hispanic or Latino","accuracy":0.3785211268,"std_error":0.0143966125}
{"ethnicity":"Multiracial","accuracy":0.3541666667,"std_error":0.0261301358}
{"ethnicity":"North African\/Middle Eastern","accuracy":0.4927884615,"std_error":0.0245414817}
{"ethnicity":"White Alone","accuracy":0.3718543729,"std_error":0.0034706955}
