{"role":"celebrity","accuracy":0.3638258839,"std_error":0.0043934642}
{"role":"relative","accuracy":0.3925950634,"std_error":0.0044594764}
